styrk08_4_code;styrk08_04_name;styrk08_3_code;styrk08_3_name;styrk08_2_code;styrk08_2_name;styrk08_1_code;styrk08_1_ name;;;;;
0000;Uoppgitt / yrker som ikke kan identifiseres;000;Uoppgitt / yrker som ikke kan identifiseres;00;Uoppgitt / yrker som ikke kan identifiseres;0;Militære yrker og uoppgitt;;;;;
0110;Offiserer fra fenrik og høyere grad;011;Offiserer fra fenrik og høyere grad;01;Offiserer fra fenrik og høyere grad;0;Militære yrker og uoppgitt;;;;;
0210;Befal med sersjant grad;021;Befal med sersjant grad;02;Befal med sersjant grad;0;Militære yrker og uoppgitt;;;;;
0310;Menige;031;Menige;03;Menige;0;Militære yrker og uoppgitt;;;;;
1111;Politikere;111;Politikere og toppledere i offentlig administrasjon;11;Politikere og toppledere;1;Ledere;;;;;
1112;Toppledere i offentlig administrasjon;111;Politikere og toppledere i offentlig administrasjon;11;Politikere og toppledere;1;Ledere;;;;;
1114;Toppledere i interesseorganisasjoner;111;Politikere og toppledere i offentlig administrasjon;11;Politikere og toppledere;1;Ledere;;;;;
1120;Administrerende direktører;112;Administrerende direktører;11;Politikere og toppledere;1;Ledere;;;;;
1211;Finans- og økonomisjefer;121;Ledere av administrative enheter;12;Administrative og merkantile ledere;1;Ledere;;;;;
1212;Personalsjefer;121;Ledere av administrative enheter;12;Administrative og merkantile ledere;1;Ledere;;;;;
1213;Strategi- og planleggingssjefer;121;Ledere av administrative enheter;12;Administrative og merkantile ledere;1;Ledere;;;;;
1219;Andre administrative ledere;121;Ledere av administrative enheter;12;Administrative og merkantile ledere;1;Ledere;;;;;
1221;Salgs- og markedssjefer;122;Ledere av salgs-, PR- og forskningsenheter;12;Administrative og merkantile ledere;1;Ledere;;;;;
1222;PR- og informasjonssjefer;122;Ledere av salgs-, PR- og forskningsenheter;12;Administrative og merkantile ledere;1;Ledere;;;;;
1223;Forsknings- og utviklingsledere;122;Ledere av salgs-, PR- og forskningsenheter;12;Administrative og merkantile ledere;1;Ledere;;;;;
1311;Ledere i skogbruk, gartnerier mv.;131;Ledere i gartnerier, akvakultur mv.;13;Ledere av enheter for vareproduksjon og tjenesteyting;1;Ledere;;;;;
1312;Ledere innen akvakultur mv.;131;Ledere i gartnerier, akvakultur mv.;13;Ledere av enheter for vareproduksjon og tjenesteyting;1;Ledere;;;;;
1321;Ledere av industriproduksjon mv.;132;Ledere av produksjon, utvinning, bygg og anlegg, transport;13;Ledere av enheter for vareproduksjon og tjenesteyting;1;Ledere;;;;;
1322;Ledere av olje- og gassutvinning mv.;132;Ledere av produksjon, utvinning, bygg og anlegg, transport;13;Ledere av enheter for vareproduksjon og tjenesteyting;1;Ledere;;;;;
1323;Ledere av bygge- og anleggsvirksomhet;132;Ledere av produksjon, utvinning, bygg og anlegg, transport;13;Ledere av enheter for vareproduksjon og tjenesteyting;1;Ledere;;;;;
1324;Ledere av logistikk og transport mv.;132;Ledere av produksjon, utvinning, bygg og anlegg, transport;13;Ledere av enheter for vareproduksjon og tjenesteyting;1;Ledere;;;;;
1330;Ledere av IKT-enheter;133;Ledere av IKT-enheter;13;Ledere av enheter for vareproduksjon og tjenesteyting;1;Ledere;;;;;
1341;Ledere av omsorgstjenester for barn;134;Ledere av utdanning, helse- og sosialtjenester;13;Ledere av enheter for vareproduksjon og tjenesteyting;1;Ledere;;;;;
1342;Ledere av helsetjenester;134;Ledere av utdanning, helse- og sosialtjenester;13;Ledere av enheter for vareproduksjon og tjenesteyting;1;Ledere;;;;;
1343;Ledere av eldreomsorg;134;Ledere av utdanning, helse- og sosialtjenester;13;Ledere av enheter for vareproduksjon og tjenesteyting;1;Ledere;;;;;
1344;Ledere av sosialomsorg;134;Ledere av utdanning, helse- og sosialtjenester;13;Ledere av enheter for vareproduksjon og tjenesteyting;1;Ledere;;;;;
1345;Ledere av utdanning og undervisning;134;Ledere av utdanning, helse- og sosialtjenester;13;Ledere av enheter for vareproduksjon og tjenesteyting;1;Ledere;;;;;
1346;Ledere av forsikring og finansvirksomhet;134;Ledere av utdanning, helse- og sosialtjenester;13;Ledere av enheter for vareproduksjon og tjenesteyting;1;Ledere;;;;;
1349;Andre ledere av produksjon og tjenesteyting;134;Ledere av utdanning, helse- og sosialtjenester;13;Ledere av enheter for vareproduksjon og tjenesteyting;1;Ledere;;;;;
1411;Hotellsjefer;141;Ledere i hotell og restaurant;14;Ledere i hotell, restaurant, varehandel mv.;1;Ledere;;;;;
1412;Restaurantsjefer;141;Ledere i hotell og restaurant;14;Ledere i hotell, restaurant, varehandel mv.;1;Ledere;;;;;
1420;Varehandelssjefer;142;Varehandelssjefer;14;Ledere i hotell, restaurant, varehandel mv.;1;Ledere;;;;;
1431;Sports-, rekreasjons- og kultursenterledere;143;Daglige ledere, andre tjenesteytende virksomheter;14;Ledere i hotell, restaurant, varehandel mv.;1;Ledere;;;;;
1439;Andre daglige ledere i tjenesteytende virksomheter;143;Daglige ledere, andre tjenesteytende virksomheter;14;Ledere i hotell, restaurant, varehandel mv.;1;Ledere;;;;;
2111;Fysikere og astronomer;211;Fysikere, kjemikere mv.;21;Realister, sivilingeniører mv.;2;Akademiske yrker;;;;;
2112;Meteorologer;211;Fysikere, kjemikere mv.;21;Realister, sivilingeniører mv.;2;Akademiske yrker;;;;;
2113;Kjemikere;211;Fysikere, kjemikere mv.;21;Realister, sivilingeniører mv.;2;Akademiske yrker;;;;;
2114;Geologer og geofysikere;211;Fysikere, kjemikere mv.;21;Realister, sivilingeniører mv.;2;Akademiske yrker;;;;;
2120;Matematikere, statistikere mv.;212;Matematikere, statistikere mv.;21;Realister, sivilingeniører mv.;2;Akademiske yrker;;;;;
2131;Biologer, botanikere, zoologer mv.;213;Biologiske yrker mv.;21;Realister, sivilingeniører mv.;2;Akademiske yrker;;;;;
2132;Sivilagronomer mv.;213;Biologiske yrker mv.;21;Realister, sivilingeniører mv.;2;Akademiske yrker;;;;;
2133;Miljøvernrådgivere;213;Biologiske yrker mv.;21;Realister, sivilingeniører mv.;2;Akademiske yrker;;;;;
2141;Sivilingeniører (industri og produksjon);214;Sivilingeniører (unntatt elektroteknologi);21;Realister, sivilingeniører mv.;2;Akademiske yrker;;;;;
2142;Sivilingeniører (bygg og anlegg);214;Sivilingeniører (unntatt elektroteknologi);21;Realister, sivilingeniører mv.;2;Akademiske yrker;;;;;
2143;Sivilingeniører (miljøteknikk);214;Sivilingeniører (unntatt elektroteknologi);21;Realister, sivilingeniører mv.;2;Akademiske yrker;;;;;
2144;Sivilingeniører (maskin- og marin-teknikk);214;Sivilingeniører (unntatt elektroteknologi);21;Realister, sivilingeniører mv.;2;Akademiske yrker;;;;;
2145;Sivilingeniører (kjemi);214;Sivilingeniører (unntatt elektroteknologi);21;Realister, sivilingeniører mv.;2;Akademiske yrker;;;;;
2146;Sivilingeniører (geofag, petro-leumsteknologi, metallurgi mv.);214;Sivilingeniører (unntatt elektroteknologi);21;Realister, sivilingeniører mv.;2;Akademiske yrker;;;;;
2149;Andre sivilingeniører (unntatt elektroteknologi);214;Sivilingeniører (unntatt elektroteknologi);21;Realister, sivilingeniører mv.;2;Akademiske yrker;;;;;
2151;Sivilingeniører (elkraftteknikk);215;Sivilingeniører elektroteknologi;21;Realister, sivilingeniører mv.;2;Akademiske yrker;;;;;
2152;Sivilingeniører (elektronikk);215;Sivilingeniører elektroteknologi;21;Realister, sivilingeniører mv.;2;Akademiske yrker;;;;;
2153;Sivilingeniører (telekommunikasjon);215;Sivilingeniører elektroteknologi;21;Realister, sivilingeniører mv.;2;Akademiske yrker;;;;;
2161;Sivilarkitekter;216;Arkitekter, designere mv.;21;Realister, sivilingeniører mv.;2;Akademiske yrker;;;;;
2162;Landskapsarkitekter;216;Arkitekter, designere mv.;21;Realister, sivilingeniører mv.;2;Akademiske yrker;;;;;
2163;Produkt- og klesdesignere;216;Arkitekter, designere mv.;21;Realister, sivilingeniører mv.;2;Akademiske yrker;;;;;
2164;Arealplanleggere;216;Arkitekter, designere mv.;21;Realister, sivilingeniører mv.;2;Akademiske yrker;;;;;
2165;Landmålere, kartografer mv.;216;Arkitekter, designere mv.;21;Realister, sivilingeniører mv.;2;Akademiske yrker;;;;;
2166;Grafiske- og multimediadesignere;216;Arkitekter, designere mv.;21;Realister, sivilingeniører mv.;2;Akademiske yrker;;;;;
2211;Allmennpraktiserende leger;221;Leger;22;Medisinske yrker;2;Akademiske yrker;;;;;
2212;Legespesialister;221;Leger;22;Medisinske yrker;2;Akademiske yrker;;;;;
2221;Spesialsykepleiere;222;Sykepleiere og spesialsykepleiere;22;Medisinske yrker;2;Akademiske yrker;;;;;
2222;Jordmødre;222;Sykepleiere og spesialsykepleiere;22;Medisinske yrker;2;Akademiske yrker;;;;;
2223;Sykepleiere;222;Sykepleiere og spesialsykepleiere;22;Medisinske yrker;2;Akademiske yrker;;;;;
2224;Vernepleiere;222;Sykepleiere og spesialsykepleiere;22;Medisinske yrker;2;Akademiske yrker;;;;;
2250;Veterinærer;225;Veterinærer;22;Medisinske yrker;2;Akademiske yrker;;;;;
2261;Tannleger;226;Andre medisinske yrker;22;Medisinske yrker;2;Akademiske yrker;;;;;
2262;Farmasøyter;226;Andre medisinske yrker;22;Medisinske yrker;2;Akademiske yrker;;;;;
2263;Helse- og miljørådgivere;226;Andre medisinske yrker;22;Medisinske yrker;2;Akademiske yrker;;;;;
2264;Fysioterapeuter;226;Andre medisinske yrker;22;Medisinske yrker;2;Akademiske yrker;;;;;
2265;Ernæringsfysiologer;226;Andre medisinske yrker;22;Medisinske yrker;2;Akademiske yrker;;;;;
2266;Audiografer og logopeder;226;Andre medisinske yrker;22;Medisinske yrker;2;Akademiske yrker;;;;;
2267;Ergoterapeuter;226;Andre medisinske yrker;22;Medisinske yrker;2;Akademiske yrker;;;;;
2269;Kiropraktorer mv.;226;Andre medisinske yrker;22;Medisinske yrker;2;Akademiske yrker;;;;;
2310;Universitets- og høyskolelektorer/-lærere;231;Universitets- og høyskolelektorer/-lærere;23;Undervisningsyrker;2;Akademiske yrker;;;;;
2320;Yrkesfaglærere;232;Yrkesfaglærere;23;Undervisningsyrker;2;Akademiske yrker;;;;;
2330;Lektorer mv. (videregående skole);233;Lektorer mv (videregående skole);23;Undervisningsyrker;2;Akademiske yrker;;;;;
2341;Grunnskolelærere;234;Grunnskole- og førskole-/barnehagelærere;23;Undervisningsyrker;2;Akademiske yrker;;;;;
2342;Førskole-/barnehagelærere;234;Grunnskole- og førskole-/barnehagelærere;23;Undervisningsyrker;2;Akademiske yrker;;;;;
2351;Spesialister i pedagogikk;235;Andre lærere;23;Undervisningsyrker;2;Akademiske yrker;;;;;
2352;Spesiallærere / spesialpedagoger;235;Andre lærere;23;Undervisningsyrker;2;Akademiske yrker;;;;;
2353;Andre språklærere;235;Andre lærere;23;Undervisningsyrker;2;Akademiske yrker;;;;;
2354;Andre musikklærere;235;Andre lærere;23;Undervisningsyrker;2;Akademiske yrker;;;;;
2355;Andre lærere i estetiske fag;235;Andre lærere;23;Undervisningsyrker;2;Akademiske yrker;;;;;
2356;Andre IKT-lærere;235;Andre lærere;23;Undervisningsyrker;2;Akademiske yrker;;;;;
2359;Andre lærere;235;Andre lærere;23;Undervisningsyrker;2;Akademiske yrker;;;;;
2411;Revisorer, regnskapsrådgivere;241;Finansrådgivere;24;Rådgivere innen økonomi, administrasjon og salg;2;Akademiske yrker;;;;;
2412;Finans- og investeringsrådgivere;241;Finansrådgivere;24;Rådgivere innen økonomi, administrasjon og salg;2;Akademiske yrker;;;;;
2413;Finansanalytikere;241;Finansrådgivere;24;Rådgivere innen økonomi, administrasjon og salg;2;Akademiske yrker;;;;;
2421;Organisasjonsrådgivere mv.;242;Administrasjonsrådgivere;24;Rådgivere innen økonomi, administrasjon og salg;2;Akademiske yrker;;;;;
2422;Høyere saksbehandlere i offentlig og privat virksomhet;242;Administrasjonsrådgivere;24;Rådgivere innen økonomi, administrasjon og salg;2;Akademiske yrker;;;;;
2423;Personal- og karriererådgivere;242;Administrasjonsrådgivere;24;Rådgivere innen økonomi, administrasjon og salg;2;Akademiske yrker;;;;;
2424;Rådgivere innen kompetanseutvikling;242;Administrasjonsrådgivere;24;Rådgivere innen økonomi, administrasjon og salg;2;Akademiske yrker;;;;;
2431;Reklame- og markedsføringsrådgivere;243;Rådgivere innen salg, markedsføring mv.;24;Rådgivere innen økonomi, administrasjon og salg;2;Akademiske yrker;;;;;
2432;Informasjonsrådgivere;243;Rådgivere innen salg, markedsføring mv.;24;Rådgivere innen økonomi, administrasjon og salg;2;Akademiske yrker;;;;;
2433;Salgskonsulenter innen tekniske og medisinske produkter;243;Rådgivere innen salg, markedsføring mv.;24;Rådgivere innen økonomi, administrasjon og salg;2;Akademiske yrker;;;;;
2434;Salgskonsulenter innen IKT-produkter;243;Rådgivere innen salg, markedsføring mv.;24;Rådgivere innen økonomi, administrasjon og salg;2;Akademiske yrker;;;;;
2511;Systemanalytikere/-arkitekter;251;Programvare- og applikasjonsutviklere/analytikere;25;IKT-rådgivere;2;Akademiske yrker;;;;;
2512;Programvareutviklere;251;Programvare- og applikasjonsutviklere/analytikere;25;IKT-rådgivere;2;Akademiske yrker;;;;;
2513;Nett- og multimediautviklere;251;Programvare- og applikasjonsutviklere/analytikere;25;IKT-rådgivere;2;Akademiske yrker;;;;;
2514;Applikasjonsprogrammerere;251;Programvare- og applikasjonsutviklere/analytikere;25;IKT-rådgivere;2;Akademiske yrker;;;;;
2519;Andre programvare- og applikasjonsutviklere;251;Programvare- og applikasjonsutviklere/analytikere;25;IKT-rådgivere;2;Akademiske yrker;;;;;
2521;Databasedesignere og -administratorer;252;Databasedesignere, systemadministratorer mv.;25;IKT-rådgivere;2;Akademiske yrker;;;;;
2522;Systemadministratorer;252;Databasedesignere, systemadministratorer mv.;25;IKT-rådgivere;2;Akademiske yrker;;;;;
2523;Nettverksansvarlige;252;Databasedesignere, systemadministratorer mv.;25;IKT-rådgivere;2;Akademiske yrker;;;;;
2529;Sikkerhetsanalytikere mv.;252;Databasedesignere, systemadministratorer mv.;25;IKT-rådgivere;2;Akademiske yrker;;;;;
2611;Jurister og advokater;261;Juridiske yrker;26;Juridiske, samfunnsvitenskapelige og humanistiske yrker;2;Akademiske yrker;;;;;
2612;Dommere;261;Juridiske yrker;26;Juridiske, samfunnsvitenskapelige og humanistiske yrker;2;Akademiske yrker;;;;;
2619;Andre juridiske yrker;261;Juridiske yrker;26;Juridiske, samfunnsvitenskapelige og humanistiske yrker;2;Akademiske yrker;;;;;
2621;Arkivarer og kuratorer;262;Bibliotekarer, arkivarer mv.;26;Juridiske, samfunnsvitenskapelige og humanistiske yrker;2;Akademiske yrker;;;;;
2622;Bibliotekarer og andre informasjonsarbeidere;262;Bibliotekarer, arkivarer mv.;26;Juridiske, samfunnsvitenskapelige og humanistiske yrker;2;Akademiske yrker;;;;;
2631;Rådgivere/forskere, samfunnsøkonomi;263;Samfunnsvitenskapelige, humanistiske og religiøse yrker;26;Juridiske, samfunnsvitenskapelige og humanistiske yrker;2;Akademiske yrker;;;;;
2632;Rådgivere/forskere, samfunnsvitenskap;263;Samfunnsvitenskapelige, humanistiske og religiøse yrker;26;Juridiske, samfunnsvitenskapelige og humanistiske yrker;2;Akademiske yrker;;;;;
2633;Rådgivere/forskere, humanistiske fag;263;Samfunnsvitenskapelige, humanistiske og religiøse yrker;26;Juridiske, samfunnsvitenskapelige og humanistiske yrker;2;Akademiske yrker;;;;;
2634;Psykologer;263;Samfunnsvitenskapelige, humanistiske og religiøse yrker;26;Juridiske, samfunnsvitenskapelige og humanistiske yrker;2;Akademiske yrker;;;;;
2635;Rådgivere innen sosiale fagfelt;263;Samfunnsvitenskapelige, humanistiske og religiøse yrker;26;Juridiske, samfunnsvitenskapelige og humanistiske yrker;2;Akademiske yrker;;;;;
2636;Geistlige yrker;263;Samfunnsvitenskapelige, humanistiske og religiøse yrker;26;Juridiske, samfunnsvitenskapelige og humanistiske yrker;2;Akademiske yrker;;;;;
2641;Forfattere mv.;264;Forfattere, journalister mv.;26;Juridiske, samfunnsvitenskapelige og humanistiske yrker;2;Akademiske yrker;;;;;
2642;Journalister;264;Forfattere, journalister mv.;26;Juridiske, samfunnsvitenskapelige og humanistiske yrker;2;Akademiske yrker;;;;;
2643;Oversettere, tolker mv.;264;Forfattere, journalister mv.;26;Juridiske, samfunnsvitenskapelige og humanistiske yrker;2;Akademiske yrker;;;;;
2651;Skulptører, kunstmalere og andre billedkunstnere;265;Profesjonelle kunstnere;26;Juridiske, samfunnsvitenskapelige og humanistiske yrker;2;Akademiske yrker;;;;;
2652;Dirigenter, komponister, musikere og sangere;265;Profesjonelle kunstnere;26;Juridiske, samfunnsvitenskapelige og humanistiske yrker;2;Akademiske yrker;;;;;
2653;Koreografer og dansere;265;Profesjonelle kunstnere;26;Juridiske, samfunnsvitenskapelige og humanistiske yrker;2;Akademiske yrker;;;;;
2654;Regissører;265;Profesjonelle kunstnere;26;Juridiske, samfunnsvitenskapelige og humanistiske yrker;2;Akademiske yrker;;;;;
2655;Skuespillere;265;Profesjonelle kunstnere;26;Juridiske, samfunnsvitenskapelige og humanistiske yrker;2;Akademiske yrker;;;;;
2656;Programledere i TV og radio;265;Profesjonelle kunstnere;26;Juridiske, samfunnsvitenskapelige og humanistiske yrker;2;Akademiske yrker;;;;;
2659;Andre utøvende kunstneriske yrker;265;Profesjonelle kunstnere;26;Juridiske, samfunnsvitenskapelige og humanistiske yrker;2;Akademiske yrker;;;;;
3112;Bygningsingeniører;311;Ingeniører;31;Ingeniører mv.;3;Høyskoleyrker;;;;;
3113;Elkraftingeniører;311;Ingeniører;31;Ingeniører mv.;3;Høyskoleyrker;;;;;
3114;Elektronikkingeniører;311;Ingeniører;31;Ingeniører mv.;3;Høyskoleyrker;;;;;
3115;Maskiningeniører;311;Ingeniører;31;Ingeniører mv.;3;Høyskoleyrker;;;;;
3116;Kjemiingeniører;311;Ingeniører;31;Ingeniører mv.;3;Høyskoleyrker;;;;;
3117;Ingeniører innen petroleum, bergverk og metallurgi;311;Ingeniører;31;Ingeniører mv.;3;Høyskoleyrker;;;;;
3118;Tekniske tegnere;311;Ingeniører;31;Ingeniører mv.;3;Høyskoleyrker;;;;;
3119;Andre ingeniører;311;Ingeniører;31;Ingeniører mv.;3;Høyskoleyrker;;;;;
3121;Arbeidsleder, bergfag;312;Arbeidsledere innen bergfag, industri, bygg og anlegg;31;Ingeniører mv.;3;Høyskoleyrker;;;;;
3122;Arbeidsleder, industri;312;Arbeidsledere innen bergfag, industri, bygg og anlegg;31;Ingeniører mv.;3;Høyskoleyrker;;;;;
3123;Arbeidsleder, bygg og anlegg;312;Arbeidsledere innen bergfag, industri, bygg og anlegg;31;Ingeniører mv.;3;Høyskoleyrker;;;;;
3131;Energikontrolloperatører;313;Prosesskontrollører;31;Ingeniører mv.;3;Høyskoleyrker;;;;;
3132;Kontrolloperatører ved forbrennings- kjøle- og vannrenseanlegg mv.;313;Prosesskontrollører;31;Ingeniører mv.;3;Høyskoleyrker;;;;;
3133;Kontrolloperatører innen kjemisk prosessindustri;313;Prosesskontrollører;31;Ingeniører mv.;3;Høyskoleyrker;;;;;
3134;Kontrolloperatører ved olje- og naturgassraffineringsanlegg;313;Prosesskontrollører;31;Ingeniører mv.;3;Høyskoleyrker;;;;;
3135;Kontrolloperatører innen metallproduksjon;313;Prosesskontrollører;31;Ingeniører mv.;3;Høyskoleyrker;;;;;
3139;Andre prosesskontrolloperatører;313;Prosesskontrollører;31;Ingeniører mv.;3;Høyskoleyrker;;;;;
3141;Bioteknikere (ikke-medisinske laboratorier);314;Bioteknikere mv.;31;Ingeniører mv.;3;Høyskoleyrker;;;;;
3142;Agroteknikere;314;Bioteknikere mv.;31;Ingeniører mv.;3;Høyskoleyrker;;;;;
3143;Skogteknikere;314;Bioteknikere mv.;31;Ingeniører mv.;3;Høyskoleyrker;;;;;
3151;Skipsmaskinister;315;Skipoffiserer, flygere, flygeledere mv.;31;Ingeniører mv.;3;Høyskoleyrker;;;;;
3152;Dekksoffiserer og loser;315;Skipoffiserer, flygere, flygeledere mv.;31;Ingeniører mv.;3;Høyskoleyrker;;;;;
3153;Flygere;315;Skipoffiserer, flygere, flygeledere mv.;31;Ingeniører mv.;3;Høyskoleyrker;;;;;
3154;Flygeledere;315;Skipoffiserer, flygere, flygeledere mv.;31;Ingeniører mv.;3;Høyskoleyrker;;;;;
3155;Teknikere innen luftfartssikkerhet;315;Skipoffiserer, flygere, flygeledere mv.;31;Ingeniører mv.;3;Høyskoleyrker;;;;;
3211;Radiografer mv.;321;Radiografer, proteseteknikere, reseptarer mv.;32;Helserelaterte yrker;3;Høyskoleyrker;;;;;
3212;Bioingeniører;321;Radiografer, proteseteknikere, reseptarer mv.;32;Helserelaterte yrker;3;Høyskoleyrker;;;;;
3213;Reseptarer;321;Radiografer, proteseteknikere, reseptarer mv.;32;Helserelaterte yrker;3;Høyskoleyrker;;;;;
3214;Protese- og tannteknikere;321;Radiografer, proteseteknikere, reseptarer mv.;32;Helserelaterte yrker;3;Høyskoleyrker;;;;;
3230;Yrker innen alternativ medisin;323;Yrker innen alternativ medisin;32;Helserelaterte yrker;3;Høyskoleyrker;;;;;
3240;Dyrepleiere;324;Dyrepleiere;32;Helserelaterte yrker;3;Høyskoleyrker;;;;;
3251;Tannpleiere;325;Andre helseyrker;32;Helserelaterte yrker;3;Høyskoleyrker;;;;;
3254;Optikere;325;Andre helseyrker;32;Helserelaterte yrker;3;Høyskoleyrker;;;;;
3256;Helsesekretærer;325;Andre helseyrker;32;Helserelaterte yrker;3;Høyskoleyrker;;;;;
3257;Helse- og miljøkontrollører;325;Andre helseyrker;32;Helserelaterte yrker;3;Høyskoleyrker;;;;;
3258;Ambulansepersonell;325;Andre helseyrker;32;Helserelaterte yrker;3;Høyskoleyrker;;;;;
3259;Andre helseyrker;325;Andre helseyrker;32;Helserelaterte yrker;3;Høyskoleyrker;;;;;
3311;Finansmeglere;331;Yrker innen finanstjenester;33;Medarbeidere innen økonomi, administrasjon og salg;3;Høyskoleyrker;;;;;
3312;Kundebehandlere lån og kreditt;331;Yrker innen finanstjenester;33;Medarbeidere innen økonomi, administrasjon og salg;3;Høyskoleyrker;;;;;
3313;Regnskapsførere;331;Yrker innen finanstjenester;33;Medarbeidere innen økonomi, administrasjon og salg;3;Høyskoleyrker;;;;;
3315;Takstmenn;331;Yrker innen finanstjenester;33;Medarbeidere innen økonomi, administrasjon og salg;3;Høyskoleyrker;;;;;
3321;Forsikringsagenter;332;Agenter og meglere;33;Medarbeidere innen økonomi, administrasjon og salg;3;Høyskoleyrker;;;;;
3322;Selgere (engros);332;Agenter og meglere;33;Medarbeidere innen økonomi, administrasjon og salg;3;Høyskoleyrker;;;;;
3323;Innkjøpere;332;Agenter og meglere;33;Medarbeidere innen økonomi, administrasjon og salg;3;Høyskoleyrker;;;;;
3324;Handels- og skipsmeglere;332;Agenter og meglere;33;Medarbeidere innen økonomi, administrasjon og salg;3;Høyskoleyrker;;;;;
3331;Speditører og befraktere;333;Forretningstjenesteyrker;33;Medarbeidere innen økonomi, administrasjon og salg;3;Høyskoleyrker;;;;;
3332;Konferanse- og arrangementsplanleggere mv.;333;Forretningstjenesteyrker;33;Medarbeidere innen økonomi, administrasjon og salg;3;Høyskoleyrker;;;;;
3333;Arbeidsformidlere;333;Forretningstjenesteyrker;33;Medarbeidere innen økonomi, administrasjon og salg;3;Høyskoleyrker;;;;;
3334;Eiendomsmeglere og - forvaltere;333;Forretningstjenesteyrker;33;Medarbeidere innen økonomi, administrasjon og salg;3;Høyskoleyrker;;;;;
3339;Andre yrker innen forretningstjenester;333;Forretningstjenesteyrker;33;Medarbeidere innen økonomi, administrasjon og salg;3;Høyskoleyrker;;;;;
3341;Arbeidsledere for kontorpersonell;334;Sekretærer og arbeidsledere for kontorpersonell;33;Medarbeidere innen økonomi, administrasjon og salg;3;Høyskoleyrker;;;;;
3342;Advokatsekretær;334;Sekretærer og arbeidsledere for kontorpersonell;33;Medarbeidere innen økonomi, administrasjon og salg;3;Høyskoleyrker;;;;;
3343;Sjefssekretærer;334;Sekretærer og arbeidsledere for kontorpersonell;33;Medarbeidere innen økonomi, administrasjon og salg;3;Høyskoleyrker;;;;;
3351;Tollere;335;Yrker innen offentlig forvaltning;33;Medarbeidere innen økonomi, administrasjon og salg;3;Høyskoleyrker;;;;;
3352;Skattefunksjonærer;335;Yrker innen offentlig forvaltning;33;Medarbeidere innen økonomi, administrasjon og salg;3;Høyskoleyrker;;;;;
3353;Saksbehandlere innen sosiale ytelser;335;Yrker innen offentlig forvaltning;33;Medarbeidere innen økonomi, administrasjon og salg;3;Høyskoleyrker;;;;;
3354;Saksbehandlere for førerkort, importlisenser mv.;335;Yrker innen offentlig forvaltning;33;Medarbeidere innen økonomi, administrasjon og salg;3;Høyskoleyrker;;;;;
3355;Politibetjenter mv.;335;Yrker innen offentlig forvaltning;33;Medarbeidere innen økonomi, administrasjon og salg;3;Høyskoleyrker;;;;;
3359;Andre yrker innen offentlig forvaltning;335;Yrker innen offentlig forvaltning;33;Medarbeidere innen økonomi, administrasjon og salg;3;Høyskoleyrker;;;;;
3411;Privatetterforskere mv.;341;Yrker innen sosialarbeid og kultur;34;Yrker innen kultur, idrett mv.;3;Høyskoleyrker;;;;;
3412;Miljøarbeidere innen sosiale fagfelt;341;Yrker innen sosialarbeid og kultur;34;Yrker innen kultur, idrett mv.;3;Høyskoleyrker;;;;;
3413;Religiøse yrker;341;Yrker innen sosialarbeid og kultur;34;Yrker innen kultur, idrett mv.;3;Høyskoleyrker;;;;;
3421;Idrettsutøvere;342;Yrker innen sport og idrett;34;Yrker innen kultur, idrett mv.;3;Høyskoleyrker;;;;;
3422;Trenere og idrettsdommere;342;Yrker innen sport og idrett;34;Yrker innen kultur, idrett mv.;3;Høyskoleyrker;;;;;
3423;Sports- og aktivitetsinstruktører;342;Yrker innen sport og idrett;34;Yrker innen kultur, idrett mv.;3;Høyskoleyrker;;;;;
3431;Fotografer og filmfotografer;343;Yrker innen estetiske fag;34;Yrker innen kultur, idrett mv.;3;Høyskoleyrker;;;;;
3432;Interiørdesignere og dekoratører;343;Yrker innen estetiske fag;34;Yrker innen kultur, idrett mv.;3;Høyskoleyrker;;;;;
3433;Tekniske konservatorer;343;Yrker innen estetiske fag;34;Yrker innen kultur, idrett mv.;3;Høyskoleyrker;;;;;
3434;Sjefskokker;343;Yrker innen estetiske fag;34;Yrker innen kultur, idrett mv.;3;Høyskoleyrker;;;;;
3439;Andre yrker innen estetiske fag;343;Yrker innen estetiske fag;34;Yrker innen kultur, idrett mv.;3;Høyskoleyrker;;;;;
3511;Driftsteknikere, IKT;351;Operatører og brukerstøtte, IKT;35;IKT-teknikere;3;Høyskoleyrker;;;;;
3512;Brukerstøtte, IKT;351;Operatører og brukerstøtte, IKT;35;IKT-teknikere;3;Høyskoleyrker;;;;;
3513;Nettverks- og systemteknikere, IKT;351;Operatører og brukerstøtte, IKT;35;IKT-teknikere;3;Høyskoleyrker;;;;;
3514;Internett-teknikere;351;Operatører og brukerstøtte, IKT;35;IKT-teknikere;3;Høyskoleyrker;;;;;
3521;Teknikere innen radio og tv;352;Teknikere innen kringkasting og telekom;35;IKT-teknikere;3;Høyskoleyrker;;;;;
3522;Teknikere innen telekom;352;Teknikere innen kringkasting og telekom;35;IKT-teknikere;3;Høyskoleyrker;;;;;
4110;Kontormedarbeidere;411;Kontormedarbeidere;41;Kontormedarbeidere;4;Kontoryrker;;;;;
4131;Stenografer mv.;413;Dataregistrere og stenografer;41;Kontormedarbeidere;4;Kontoryrker;;;;;
4132;Dataregistrere;413;Dataregistrere og stenografer;41;Kontormedarbeidere;4;Kontoryrker;;;;;
4211;Kundebehandlere, bank og postkontor;421;Kundebehandlere, penger og pengespill;42;Kundeserviceyrker;4;Kontoryrker;;;;;
4212;Bingoverter, bookmakere mv.;421;Kundebehandlere, penger og pengespill;42;Kundeserviceyrker;4;Kontoryrker;;;;;
4213;Pantelånere mv.;421;Kundebehandlere, penger og pengespill;42;Kundeserviceyrker;4;Kontoryrker;;;;;
4214;Inkassomedarbeidere mv.;421;Kundebehandlere, penger og pengespill;42;Kundeserviceyrker;4;Kontoryrker;;;;;
4221;Reisebyråmedarbeidere mv.;422;Reisebyrå-, resepsjons- og andre opplysningsmedarbeidere;42;Kundeserviceyrker;4;Kontoryrker;;;;;
4222;Kundesentermedarbeidere;422;Reisebyrå-, resepsjons- og andre opplysningsmedarbeidere;42;Kundeserviceyrker;4;Kontoryrker;;;;;
4223;Sentralbordoperatører;422;Reisebyrå-, resepsjons- og andre opplysningsmedarbeidere;42;Kundeserviceyrker;4;Kontoryrker;;;;;
4224;Hotellresepsjonister;422;Reisebyrå-, resepsjons- og andre opplysningsmedarbeidere;42;Kundeserviceyrker;4;Kontoryrker;;;;;
4225;Informasjonsskrankemedarbeidere;422;Reisebyrå-, resepsjons- og andre opplysningsmedarbeidere;42;Kundeserviceyrker;4;Kontoryrker;;;;;
4226;Resepsjonister (ekskl. hotell);422;Reisebyrå-, resepsjons- og andre opplysningsmedarbeidere;42;Kundeserviceyrker;4;Kontoryrker;;;;;
4227;Intervjuere;422;Reisebyrå-, resepsjons- og andre opplysningsmedarbeidere;42;Kundeserviceyrker;4;Kontoryrker;;;;;
4229;Andre opplysningsmedarbeidere;422;Reisebyrå-, resepsjons- og andre opplysningsmedarbeidere;42;Kundeserviceyrker;4;Kontoryrker;;;;;
4311;Regnskapsmedarbeidere;431;Regnskaps- og lønnsmedarbeidere mv.;43;Økonomi- og logistikkmedarbeidere;4;Kontoryrker;;;;;
4312;Forsikrings- og finansmedarbeidere;431;Regnskaps- og lønnsmedarbeidere mv.;43;Økonomi- og logistikkmedarbeidere;4;Kontoryrker;;;;;
4313;Lønningsmedarbeidere;431;Regnskaps- og lønnsmedarbeidere mv.;43;Økonomi- og logistikkmedarbeidere;4;Kontoryrker;;;;;
4321;Lagermedarbeidere og material-forvaltere;432;Lager- og transportmedarbeidere;43;Økonomi- og logistikkmedarbeidere;4;Kontoryrker;;;;;
4322;Logistikkmedarbeidere;432;Lager- og transportmedarbeidere;43;Økonomi- og logistikkmedarbeidere;4;Kontoryrker;;;;;
4323;Transportfunksjonærer;432;Lager- og transportmedarbeidere;43;Økonomi- og logistikkmedarbeidere;4;Kontoryrker;;;;;
4411;Bibliotekassistenter;441;Postbud, arkiv- og personalkontor-medarbeidere;44;Postbud, arkiv- og personalkontormedarbeidere;4;Kontoryrker;;;;;
4412;Postbud og postsorterere;441;Postbud, arkiv- og personalkontor-medarbeidere;44;Postbud, arkiv- og personalkontormedarbeidere;4;Kontoryrker;;;;;
4413;Kodere mv.;441;Postbud, arkiv- og personalkontor-medarbeidere;44;Postbud, arkiv- og personalkontormedarbeidere;4;Kontoryrker;;;;;
4415;Arkivassistenter;441;Postbud, arkiv- og personalkontor-medarbeidere;44;Postbud, arkiv- og personalkontormedarbeidere;4;Kontoryrker;;;;;
4416;Personalkontormedarbeidere;441;Postbud, arkiv- og personalkontor-medarbeidere;44;Postbud, arkiv- og personalkontormedarbeidere;4;Kontoryrker;;;;;
5111;Flyverter, båtverter mv.;511;Persontransportpersonell;51;Yrker innen personlig tjenesteyting;5;Salgs- og serviceyrker;;;;;
5112;Konduktører;511;Persontransportpersonell;51;Yrker innen personlig tjenesteyting;5;Salgs- og serviceyrker;;;;;
5113;Reiseledere og guider;511;Persontransportpersonell;51;Yrker innen personlig tjenesteyting;5;Salgs- og serviceyrker;;;;;
5120;Kokker;512;Kokker;51;Yrker innen personlig tjenesteyting;5;Salgs- og serviceyrker;;;;;
5131;Servitører;513;Servitører og bartendere;51;Yrker innen personlig tjenesteyting;5;Salgs- og serviceyrker;;;;;
5132;Bartendere;513;Servitører og bartendere;51;Yrker innen personlig tjenesteyting;5;Salgs- og serviceyrker;;;;;
5141;Frisører;514;Frisører, kosmetologer mv.;51;Yrker innen personlig tjenesteyting;5;Salgs- og serviceyrker;;;;;
5142;Kosmetologer mv.;514;Frisører, kosmetologer mv.;51;Yrker innen personlig tjenesteyting;5;Salgs- og serviceyrker;;;;;
5151;Renholdsledere i virksomheter;515;Renholdsledere og vaktmestre;51;Yrker innen personlig tjenesteyting;5;Salgs- og serviceyrker;;;;;
5152;Husholdere;515;Renholdsledere og vaktmestre;51;Yrker innen personlig tjenesteyting;5;Salgs- og serviceyrker;;;;;
5153;Vaktmestre;515;Renholdsledere og vaktmestre;51;Yrker innen personlig tjenesteyting;5;Salgs- og serviceyrker;;;;;
5161;Astrologer mv.;516;Andre yrker innen personlig tjenesteyting;51;Yrker innen personlig tjenesteyting;5;Salgs- og serviceyrker;;;;;
5163;Begravelsesbyrå- og krematoriearbeidere;516;Andre yrker innen personlig tjenesteyting;51;Yrker innen personlig tjenesteyting;5;Salgs- og serviceyrker;;;;;
5164;Dyrepassere og - trenere mv.;516;Andre yrker innen personlig tjenesteyting;51;Yrker innen personlig tjenesteyting;5;Salgs- og serviceyrker;;;;;
5165;Kjøreskolelærere;516;Andre yrker innen personlig tjenesteyting;51;Yrker innen personlig tjenesteyting;5;Salgs- og serviceyrker;;;;;
5169;Andre personlige tjenesteytere;516;Andre yrker innen personlig tjenesteyting;51;Yrker innen personlig tjenesteyting;5;Salgs- og serviceyrker;;;;;
5211;Torghandlere;521;Torg og markedsselgere;52;Salgsyrker;5;Salgs- og serviceyrker;;;;;
5212;Gateselgere, mat;521;Torg og markedsselgere;52;Salgsyrker;5;Salgs- og serviceyrker;;;;;
5221;Innehavere av kiosk/liten butikk;522;Butikkselgere;52;Salgsyrker;5;Salgs- og serviceyrker;;;;;
5222;Butikkavdelingssjefer;522;Butikkselgere;52;Salgsyrker;5;Salgs- og serviceyrker;;;;;
5223;Butikkmedarbeidere;522;Butikkselgere;52;Salgsyrker;5;Salgs- og serviceyrker;;;;;
5230;Billettselgere;523;Billettselgere;52;Salgsyrker;5;Salgs- og serviceyrker;;;;;
5241;Mannekenger og modeller;524;Andre salgsyrker;52;Salgsyrker;5;Salgs- og serviceyrker;;;;;
5242;Demonstrasjonsselgere;524;Andre salgsyrker;52;Salgsyrker;5;Salgs- og serviceyrker;;;;;
5243;Dørselgere;524;Andre salgsyrker;52;Salgsyrker;5;Salgs- og serviceyrker;;;;;
5244;Telefon- og nettselgere;524;Andre salgsyrker;52;Salgsyrker;5;Salgs- og serviceyrker;;;;;
5245;Servicemedarbeidere (bensinstasjon);524;Andre salgsyrker;52;Salgsyrker;5;Salgs- og serviceyrker;;;;;
5246;Gatekjøkken- og kafémedarbeidere mv.;524;Andre salgsyrker;52;Salgsyrker;5;Salgs- og serviceyrker;;;;;
5249;Andre salgsmedarbeidere;524;Andre salgsyrker;52;Salgsyrker;5;Salgs- og serviceyrker;;;;;
5311;Barnehage- og skolefritidsassistenter mv.;531;Barnehage- og skoleassistenter mv.;53;Pleie- og omsorgsarbeidere;5;Salgs- og serviceyrker;;;;;
5312;Skoleassistenter;531;Barnehage- og skoleassistenter mv.;53;Pleie- og omsorgsarbeidere;5;Salgs- og serviceyrker;;;;;
5321;Helsefagarbeidere;532;Pleiemedarbeidere;53;Pleie- og omsorgsarbeidere;5;Salgs- og serviceyrker;;;;;
5322;Hjemmehjelper;532;Pleiemedarbeidere;53;Pleie- og omsorgsarbeidere;5;Salgs- og serviceyrker;;;;;
5329;Andre pleiemedarbeidere;532;Pleiemedarbeidere;53;Pleie- og omsorgsarbeidere;5;Salgs- og serviceyrker;;;;;
5411;Brannkonstabler;541;Sikkerhetsarbeidere;54;Sikkerhetsarbeidere;5;Salgs- og serviceyrker;;;;;
5413;Fengselsbetjenter;541;Sikkerhetsarbeidere;54;Sikkerhetsarbeidere;5;Salgs- og serviceyrker;;;;;
5414;Vektere;541;Sikkerhetsarbeidere;54;Sikkerhetsarbeidere;5;Salgs- og serviceyrker;;;;;
5419;Andre sikkerhetsarbeidere;541;Sikkerhetsarbeidere;54;Sikkerhetsarbeidere;5;Salgs- og serviceyrker;;;;;
6111;Korn- og grønnsaksprodusenter;611;Korn-, grønnsaks-, frukt- og bærprodusenter, gartnere;61;Jordbrukere;6;Bønder, fiskere mv.;;;;;
6112;Frukt- og bærprodusenter;611;Korn-, grønnsaks-, frukt- og bærprodusenter, gartnere;61;Jordbrukere;6;Bønder, fiskere mv.;;;;;
6113;Gartnere;611;Korn-, grønnsaks-, frukt- og bærprodusenter, gartnere;61;Jordbrukere;6;Bønder, fiskere mv.;;;;;
6114;Kombinasjonsbrukere, nyttevekster;611;Korn-, grønnsaks-, frukt- og bærprodusenter, gartnere;61;Jordbrukere;6;Bønder, fiskere mv.;;;;;
6121;Melke- og husdyrprodusenter;612;Husdyr-, egg- og melkeprodusenter;61;Jordbrukere;6;Bønder, fiskere mv.;;;;;
6122;Egg- og fjærfeprodusenter;612;Husdyr-, egg- og melkeprodusenter;61;Jordbrukere;6;Bønder, fiskere mv.;;;;;
6123;Birøktere mv.;612;Husdyr-, egg- og melkeprodusenter;61;Jordbrukere;6;Bønder, fiskere mv.;;;;;
6129;Andre dyreoppdrettere og røktere;612;Husdyr-, egg- og melkeprodusenter;61;Jordbrukere;6;Bønder, fiskere mv.;;;;;
6130;Plante- og husdyrprodusenter (kombinasjonsbruk);613;Plante- og husdyrprodusenter (kombinasjonsbruk);61;Jordbrukere;6;Bønder, fiskere mv.;;;;;
6210;Skogbrukere;621;Skogbrukere;62;Skogbrukere, fiskere mv.;6;Bønder, fiskere mv.;;;;;
6221;Havbruksarbeidere;622;Havbruksarbeidere og fiskere;62;Skogbrukere, fiskere mv.;6;Bønder, fiskere mv.;;;;;
6222;Fiskere;622;Havbruksarbeidere og fiskere;62;Skogbrukere, fiskere mv.;6;Bønder, fiskere mv.;;;;;
6224;Fangstfolk;622;Havbruksarbeidere og fiskere;62;Skogbrukere, fiskere mv.;6;Bønder, fiskere mv.;;;;;
7112;Murere;711;Bygningsarbeidere;71;Byggearbeidere;7;Håndverkere;;;;;
7113;Steinhoggere mv.;711;Bygningsarbeidere;71;Byggearbeidere;7;Håndverkere;;;;;
7114;Betongarbeidere;711;Bygningsarbeidere;71;Byggearbeidere;7;Håndverkere;;;;;
7115;Tømrere og snekkere;711;Bygningsarbeidere;71;Byggearbeidere;7;Håndverkere;;;;;
7119;Andre bygningsarbeidere;711;Bygningsarbeidere;71;Byggearbeidere;7;Håndverkere;;;;;
7121;Taktekkere;712;Bygningstekniske arbeidere;71;Byggearbeidere;7;Håndverkere;;;;;
7122;Gulv- og flisleggere;712;Bygningstekniske arbeidere;71;Byggearbeidere;7;Håndverkere;;;;;
7123;Gips- og sparklingsarbeidere;712;Bygningstekniske arbeidere;71;Byggearbeidere;7;Håndverkere;;;;;
7124;Isolatører mv.;712;Bygningstekniske arbeidere;71;Byggearbeidere;7;Håndverkere;;;;;
7125;Glassarbeidere;712;Bygningstekniske arbeidere;71;Byggearbeidere;7;Håndverkere;;;;;
7126;Rørleggere og VVS-montører;712;Bygningstekniske arbeidere;71;Byggearbeidere;7;Håndverkere;;;;;
7127;Kuldemontører mv.;712;Bygningstekniske arbeidere;71;Byggearbeidere;7;Håndverkere;;;;;
7131;Malere og byggtapetserere;713;Malere, overflatebehandlere, feiere mv.;71;Byggearbeidere;7;Håndverkere;;;;;
7132;Overflatebehandlere og lakkerere;713;Malere, overflatebehandlere, feiere mv.;71;Byggearbeidere;7;Håndverkere;;;;;
7133;Feiere, fasaderenholdere mv.;713;Malere, overflatebehandlere, feiere mv.;71;Byggearbeidere;7;Håndverkere;;;;;
7211;Støpere;721;Støpere, sveisere, platearbeidere mv.;72;Metall- og maskinarbeidere;7;Håndverkere;;;;;
7212;Sveisere;721;Støpere, sveisere, platearbeidere mv.;72;Metall- og maskinarbeidere;7;Håndverkere;;;;;
7213;Kopper- og blikkenslagere;721;Støpere, sveisere, platearbeidere mv.;72;Metall- og maskinarbeidere;7;Håndverkere;;;;;
7214;Platearbeidere;721;Støpere, sveisere, platearbeidere mv.;72;Metall- og maskinarbeidere;7;Håndverkere;;;;;
7215;Riggere og spleisere;721;Støpere, sveisere, platearbeidere mv.;72;Metall- og maskinarbeidere;7;Håndverkere;;;;;
7221;Smeder;722;Smeder, verktøymakere mv.;72;Metall- og maskinarbeidere;7;Håndverkere;;;;;
7222;Verktøymaker, låsesmeder mv.;722;Smeder, verktøymakere mv.;72;Metall- og maskinarbeidere;7;Håndverkere;;;;;
7223;Metalldreiere mv.;722;Smeder, verktøymakere mv.;72;Metall- og maskinarbeidere;7;Håndverkere;;;;;
7224;Metallslipere;722;Smeder, verktøymakere mv.;72;Metall- og maskinarbeidere;7;Håndverkere;;;;;
7231;Bilmekanikere;723;Mekanikere og reparatører;72;Metall- og maskinarbeidere;7;Håndverkere;;;;;
7232;Mekanikere innen flytekniske fag;723;Mekanikere og reparatører;72;Metall- og maskinarbeidere;7;Håndverkere;;;;;
7233;Anleggsmaskin- og industrimekanikere;723;Mekanikere og reparatører;72;Metall- og maskinarbeidere;7;Håndverkere;;;;;
7234;Sykkelreparatører mv.;723;Mekanikere og reparatører;72;Metall- og maskinarbeidere;7;Håndverkere;;;;;
7311;Presisjonsinstrumentmakere og -reparatører;731;Presisjonsarbeidere og kunsthåndverkere;73;Presisjonsarbeidere, kunsthåndverkere, grafiske arbeidere mv.;7;Håndverkere;;;;;
7312;Musikkinstrumentmakere og -stemmere;731;Presisjonsarbeidere og kunsthåndverkere;73;Presisjonsarbeidere, kunsthåndverkere, grafiske arbeidere mv.;7;Håndverkere;;;;;
7313;Gull- og sølvsmeder, gravører mv.;731;Presisjonsarbeidere og kunsthåndverkere;73;Presisjonsarbeidere, kunsthåndverkere, grafiske arbeidere mv.;7;Håndverkere;;;;;
7314;Keramikere mv.;731;Presisjonsarbeidere og kunsthåndverkere;73;Presisjonsarbeidere, kunsthåndverkere, grafiske arbeidere mv.;7;Håndverkere;;;;;
7315;Glasshåndverkere;731;Presisjonsarbeidere og kunsthåndverkere;73;Presisjonsarbeidere, kunsthåndverkere, grafiske arbeidere mv.;7;Håndverkere;;;;;
7316;Dekormalere mv.;731;Presisjonsarbeidere og kunsthåndverkere;73;Presisjonsarbeidere, kunsthåndverkere, grafiske arbeidere mv.;7;Håndverkere;;;;;
7317;Kunsthåndverkere i tre mv.;731;Presisjonsarbeidere og kunsthåndverkere;73;Presisjonsarbeidere, kunsthåndverkere, grafiske arbeidere mv.;7;Håndverkere;;;;;
7318;Vevere, strikkere mv. (innen husflidsproduksjon);731;Presisjonsarbeidere og kunsthåndverkere;73;Presisjonsarbeidere, kunsthåndverkere, grafiske arbeidere mv.;7;Håndverkere;;;;;
7319;Andre kunsthåndverkere;731;Presisjonsarbeidere og kunsthåndverkere;73;Presisjonsarbeidere, kunsthåndverkere, grafiske arbeidere mv.;7;Håndverkere;;;;;
7321;Førtrykkere;732;Grafiske arbeidere;73;Presisjonsarbeidere, kunsthåndverkere, grafiske arbeidere mv.;7;Håndverkere;;;;;
7322;Trykkere;732;Grafiske arbeidere;73;Presisjonsarbeidere, kunsthåndverkere, grafiske arbeidere mv.;7;Håndverkere;;;;;
7323;Innbindere mv.;732;Grafiske arbeidere;73;Presisjonsarbeidere, kunsthåndverkere, grafiske arbeidere mv.;7;Håndverkere;;;;;
7411;Elektrikere;741;Elektrikere mv.;74;Elektrikere, elektronikere mv.;7;Håndverkere;;;;;
7412;Automatikere;741;Elektrikere mv.;74;Elektrikere, elektronikere mv.;7;Håndverkere;;;;;
7413;Energimontører;741;Elektrikere mv.;74;Elektrikere, elektronikere mv.;7;Håndverkere;;;;;
7421;Serviceelektronikere;742;Serviceelektronikere og tele- og IKT-installatører mv.;74;Elektrikere, elektronikere mv.;7;Håndverkere;;;;;
7422;Tele- og IKT-installatører;742;Serviceelektronikere og tele- og IKT-installatører mv.;74;Elektrikere, elektronikere mv.;7;Håndverkere;;;;;
7511;Slaktere, fiskehandlere mv.;751;Slaktere, fiskehandlere, konditorer mv.;75;Andre håndverkspregede yrker;7;Håndverkere;;;;;
7512;Bakere, konditorer mv.;751;Slaktere, fiskehandlere, konditorer mv.;75;Andre håndverkspregede yrker;7;Håndverkere;;;;;
7513;Ystere mv. (gårdsproduksjon);751;Slaktere, fiskehandlere, konditorer mv.;75;Andre håndverkspregede yrker;7;Håndverkere;;;;;
7514;Saftere, syltere mv. (gårdsproduksjon);751;Slaktere, fiskehandlere, konditorer mv.;75;Andre håndverkspregede yrker;7;Håndverkere;;;;;
7515;Prøvesmakere og kvalitetsbedømmere av mat og drikke;751;Slaktere, fiskehandlere, konditorer mv.;75;Andre håndverkspregede yrker;7;Håndverkere;;;;;
7522;Møbelsnekkere;752;Møbelsnekkere;75;Andre håndverkspregede yrker;7;Håndverkere;;;;;
7531;Skreddere, buntmakere mv.;753;Skreddere, møbeltapetserere mv.;75;Andre håndverkspregede yrker;7;Håndverkere;;;;;
7532;Gradører;753;Skreddere, møbeltapetserere mv.;75;Andre håndverkspregede yrker;7;Håndverkere;;;;;
7534;Møbeltapetserere mv.;753;Skreddere, møbeltapetserere mv.;75;Andre håndverkspregede yrker;7;Håndverkere;;;;;
7535;Skinnberedere og garvere;753;Skreddere, møbeltapetserere mv.;75;Andre håndverkspregede yrker;7;Håndverkere;;;;;
7536;Skomakere;753;Skreddere, møbeltapetserere mv.;75;Andre håndverkspregede yrker;7;Håndverkere;;;;;
7541;Yrkesdykkere;754;Yrkesdykkere, skytebaser mv.;75;Andre håndverkspregede yrker;7;Håndverkere;;;;;
7542;Skytebaser og sprengningsarbeidere;754;Yrkesdykkere, skytebaser mv.;75;Andre håndverkspregede yrker;7;Håndverkere;;;;;
7543;Produkttestere (ikke matprodukter);754;Yrkesdykkere, skytebaser mv.;75;Andre håndverkspregede yrker;7;Håndverkere;;;;;
7544;Desinfeksjonsarbeidere og skadedyrbekjempere;754;Yrkesdykkere, skytebaser mv.;75;Andre håndverkspregede yrker;7;Håndverkere;;;;;
7549;Andre håndverkere;754;Yrkesdykkere, skytebaser mv.;75;Andre håndverkspregede yrker;7;Håndverkere;;;;;
8111;Bergfagarbeidere;811;Operatører innen borefag mv.;81;Prosess- og maskinoperatører;8;Prosess- og maskinoperatører, transportarbeidere mv.;;;;;
8112;Prosessoperatører (oppredning);811;Operatører innen borefag mv.;81;Prosess- og maskinoperatører;8;Prosess- og maskinoperatører, transportarbeidere mv.;;;;;
8113;Operatører innen boring mv.;811;Operatører innen borefag mv.;81;Prosess- og maskinoperatører;8;Prosess- og maskinoperatører, transportarbeidere mv.;;;;;
8114;Operatører innen produksjon av betong mv.;811;Operatører innen borefag mv.;81;Prosess- og maskinoperatører;8;Prosess- og maskinoperatører, transportarbeidere mv.;;;;;
8121;Operatører innen metallurgiske prosessfag;812;Operatører metallproduksjon;81;Prosess- og maskinoperatører;8;Prosess- og maskinoperatører, transportarbeidere mv.;;;;;
8122;Operatører innen metallflatebehandling;812;Operatører metallproduksjon;81;Prosess- og maskinoperatører;8;Prosess- og maskinoperatører, transportarbeidere mv.;;;;;
8131;Operatører innen kjemisk industri;813;Operatører innen produksjon av kjemiske produkter;81;Prosess- og maskinoperatører;8;Prosess- og maskinoperatører, transportarbeidere mv.;;;;;
8132;Operatører innen produksjon av fotofilm og -papir mv.;813;Operatører innen produksjon av kjemiske produkter;81;Prosess- og maskinoperatører;8;Prosess- og maskinoperatører, transportarbeidere mv.;;;;;
8141;Operatører innen produksjon av gummiprodukter;814;Operatører innen gummi, plast og papirproduksjon;81;Prosess- og maskinoperatører;8;Prosess- og maskinoperatører, transportarbeidere mv.;;;;;
8142;Operatører innen plastprodukter;814;Operatører innen gummi, plast og papirproduksjon;81;Prosess- og maskinoperatører;8;Prosess- og maskinoperatører, transportarbeidere mv.;;;;;
8143;Operatører innen papirprodukter;814;Operatører innen gummi, plast og papirproduksjon;81;Prosess- og maskinoperatører;8;Prosess- og maskinoperatører, transportarbeidere mv.;;;;;
8151;Spinne- og nøstemaskinoperatører;815;Operatører innen bearbeiding og produksjon av tekstiler, pels, skinn og lær;81;Prosess- og maskinoperatører;8;Prosess- og maskinoperatører, transportarbeidere mv.;;;;;
8152;Operatører innen tekstilproduksjon mv.;815;Operatører innen bearbeiding og produksjon av tekstiler, pels, skinn og lær;81;Prosess- og maskinoperatører;8;Prosess- og maskinoperatører, transportarbeidere mv.;;;;;
8153;Industrisyere;815;Operatører innen bearbeiding og produksjon av tekstiler, pels, skinn og lær;81;Prosess- og maskinoperatører;8;Prosess- og maskinoperatører, transportarbeidere mv.;;;;;
8154;Operatører innen tekstilbearbeiding;815;Operatører innen bearbeiding og produksjon av tekstiler, pels, skinn og lær;81;Prosess- og maskinoperatører;8;Prosess- og maskinoperatører, transportarbeidere mv.;;;;;
8155;Operatører innen pels, skinn- og lærbearbeiding;815;Operatører innen bearbeiding og produksjon av tekstiler, pels, skinn og lær;81;Prosess- og maskinoperatører;8;Prosess- og maskinoperatører, transportarbeidere mv.;;;;;
8156;Operatører innen skinn og lærprodukter;815;Operatører innen bearbeiding og produksjon av tekstiler, pels, skinn og lær;81;Prosess- og maskinoperatører;8;Prosess- og maskinoperatører, transportarbeidere mv.;;;;;
8157;Renseri- og vaskerimaskinoperatører;815;Operatører innen bearbeiding og produksjon av tekstiler, pels, skinn og lær;81;Prosess- og maskinoperatører;8;Prosess- og maskinoperatører, transportarbeidere mv.;;;;;
8159;Andre operatører innen produksjon av tekstiler, pels, skinn og lær;815;Operatører innen bearbeiding og produksjon av tekstiler, pels, skinn og lær;81;Prosess- og maskinoperatører;8;Prosess- og maskinoperatører, transportarbeidere mv.;;;;;
8160;Operatører innen næringsmiddelproduksjon;816;Operatører innen næringsmiddelproduksjon;81;Prosess- og maskinoperatører;8;Prosess- og maskinoperatører, transportarbeidere mv.;;;;;
8171;Operatører innen treforedling;817;Operatører innen treforedling og trelast;81;Prosess- og maskinoperatører;8;Prosess- og maskinoperatører, transportarbeidere mv.;;;;;
8172;Operatører innen trelastproduksjon;817;Operatører innen treforedling og trelast;81;Prosess- og maskinoperatører;8;Prosess- og maskinoperatører, transportarbeidere mv.;;;;;
8181;Operatører innen glass- og keramisk produksjon;818;Operatører av andre stasjonære maskiner;81;Prosess- og maskinoperatører;8;Prosess- og maskinoperatører, transportarbeidere mv.;;;;;
8182;Fyrkjele- og turbinoperatører;818;Operatører av andre stasjonære maskiner;81;Prosess- og maskinoperatører;8;Prosess- og maskinoperatører, transportarbeidere mv.;;;;;
8183;Pakke-, tappe- og etikettmaskinoperatører;818;Operatører av andre stasjonære maskiner;81;Prosess- og maskinoperatører;8;Prosess- og maskinoperatører, transportarbeidere mv.;;;;;
8189;Andre stasjonære maskinoperatører;818;Operatører av andre stasjonære maskiner;81;Prosess- og maskinoperatører;8;Prosess- og maskinoperatører, transportarbeidere mv.;;;;;
8211;Montører av mekaniske produkter;821;Montører;82;Montører;8;Prosess- og maskinoperatører, transportarbeidere mv.;;;;;
8212;Montører av elektriske og elektroniske produkter;821;Montører;82;Montører;8;Prosess- og maskinoperatører, transportarbeidere mv.;;;;;
8219;Andre montører;821;Montører;82;Montører;8;Prosess- og maskinoperatører, transportarbeidere mv.;;;;;
8311;Lokomotiv og T-baneførere;831;Lokomotiv og T-baneførere mv.;83;Transportarbeidere og operatører av mobile maskiner mv.;8;Prosess- og maskinoperatører, transportarbeidere mv.;;;;;
8312;Skiftekonduktører mv;831;Lokomotiv og T-baneførere mv.;83;Transportarbeidere og operatører av mobile maskiner mv.;8;Prosess- og maskinoperatører, transportarbeidere mv.;;;;;
8322;Bil-, drosje- og varebilførere;832;Bil-, drosje- og varebilførere;83;Transportarbeidere og operatører av mobile maskiner mv.;8;Prosess- og maskinoperatører, transportarbeidere mv.;;;;;
8331;Bussjåfører og trikkeførere;833;Lastebil-, buss- og trikkeførere;83;Transportarbeidere og operatører av mobile maskiner mv.;8;Prosess- og maskinoperatører, transportarbeidere mv.;;;;;
8332;Lastebil- og trailersjåfører;833;Lastebil-, buss- og trikkeførere;83;Transportarbeidere og operatører av mobile maskiner mv.;8;Prosess- og maskinoperatører, transportarbeidere mv.;;;;;
8341;Jordbruks- og skogbruksmaskinførere;834;Operatører av mobile maskiner mv.;83;Transportarbeidere og operatører av mobile maskiner mv.;8;Prosess- og maskinoperatører, transportarbeidere mv.;;;;;
8342;Anleggsmaskinførere;834;Operatører av mobile maskiner mv.;83;Transportarbeidere og operatører av mobile maskiner mv.;8;Prosess- og maskinoperatører, transportarbeidere mv.;;;;;
8343;Kran- og heisførere mv.;834;Operatører av mobile maskiner mv.;83;Transportarbeidere og operatører av mobile maskiner mv.;8;Prosess- og maskinoperatører, transportarbeidere mv.;;;;;
8344;Truckførere;834;Operatører av mobile maskiner mv.;83;Transportarbeidere og operatører av mobile maskiner mv.;8;Prosess- og maskinoperatører, transportarbeidere mv.;;;;;
8350;Dekks- og maskinmannskap (skip);835;Dekks- og maskinmannskap (skip);83;Transportarbeidere og operatører av mobile maskiner mv.;8;Prosess- og maskinoperatører, transportarbeidere mv.;;;;;
9111;Renholdere i private hjem;911;Renholdere;91;Renholdere mv.;9;Renholdere, hjelpearbeidere mv.;;;;;
9112;Renholdere i virksomheter;911;Renholdere;91;Renholdere mv.;9;Renholdere, hjelpearbeidere mv.;;;;;
9122;Bilvaskere;912;Bilvaskere, vinduspussere mv.;91;Renholdere mv.;9;Renholdere, hjelpearbeidere mv.;;;;;
9123;Vinduspussere;912;Bilvaskere, vinduspussere mv.;91;Renholdere mv.;9;Renholdere, hjelpearbeidere mv.;;;;;
9129;Andre rengjørere;912;Bilvaskere, vinduspussere mv.;91;Renholdere mv.;9;Renholdere, hjelpearbeidere mv.;;;;;
9211;Hjelpearbeidere i nyttevekstproduksjon;921;Hjelpearbeidere i jordbruk, skogbruk og fiske;92;Hjelpearbeidere i jordbruk, skogbruk og fiske;9;Renholdere, hjelpearbeidere mv.;;;;;
9212;Hjelpearbeidere i husdyrproduksjon;921;Hjelpearbeidere i jordbruk, skogbruk og fiske;92;Hjelpearbeidere i jordbruk, skogbruk og fiske;9;Renholdere, hjelpearbeidere mv.;;;;;
9213;Hjelpearbeidere i kombinasjonsbruk;921;Hjelpearbeidere i jordbruk, skogbruk og fiske;92;Hjelpearbeidere i jordbruk, skogbruk og fiske;9;Renholdere, hjelpearbeidere mv.;;;;;
9214;Hjelpearbeidere i gartneri mv.;921;Hjelpearbeidere i jordbruk, skogbruk og fiske;92;Hjelpearbeidere i jordbruk, skogbruk og fiske;9;Renholdere, hjelpearbeidere mv.;;;;;
9215;Hjelpearbeidere i skogbruk;921;Hjelpearbeidere i jordbruk, skogbruk og fiske;92;Hjelpearbeidere i jordbruk, skogbruk og fiske;9;Renholdere, hjelpearbeidere mv.;;;;;
9216;Hjelpearbeidere innen havbruk;921;Hjelpearbeidere i jordbruk, skogbruk og fiske;92;Hjelpearbeidere i jordbruk, skogbruk og fiske;9;Renholdere, hjelpearbeidere mv.;;;;;
9311;Hjelpearbeidere i bergverk;931;Hjelpearbeidere i bergverk, bygg og anlegg;93;Hjelpearbeidere i bergverk, industri, bygg og anlegg og transport;9;Renholdere, hjelpearbeidere mv.;;;;;
9312;Hjelpearbeidere i anlegg;931;Hjelpearbeidere i bergverk, bygg og anlegg;93;Hjelpearbeidere i bergverk, industri, bygg og anlegg og transport;9;Renholdere, hjelpearbeidere mv.;;;;;
9313;Hjelpearbeidere i bygg;931;Hjelpearbeidere i bergverk, bygg og anlegg;93;Hjelpearbeidere i bergverk, industri, bygg og anlegg og transport;9;Renholdere, hjelpearbeidere mv.;;;;;
9321;Håndpakkere mv.;932;Hjelpearbeidere i industri;93;Hjelpearbeidere i bergverk, industri, bygg og anlegg og transport;9;Renholdere, hjelpearbeidere mv.;;;;;
9329;Andre hjelpearbeidere i industri;932;Hjelpearbeidere i industri;93;Hjelpearbeidere i bergverk, industri, bygg og anlegg og transport;9;Renholdere, hjelpearbeidere mv.;;;;;
9331;Førere av ikke-motorisert kjøretøy;933;Hjelpearbeidere innen transport og lager;93;Hjelpearbeidere i bergverk, industri, bygg og anlegg og transport;9;Renholdere, hjelpearbeidere mv.;;;;;
9333;Laste- og lossearbeidere;933;Hjelpearbeidere innen transport og lager;93;Hjelpearbeidere i bergverk, industri, bygg og anlegg og transport;9;Renholdere, hjelpearbeidere mv.;;;;;
9334;Varepåfyllere;933;Hjelpearbeidere innen transport og lager;93;Hjelpearbeidere i bergverk, industri, bygg og anlegg og transport;9;Renholdere, hjelpearbeidere mv.;;;;;
9412;Kjøkkenassistenter;941;Kjøkkenassistenter;94;Kjøkkenassistenter;9;Renholdere, hjelpearbeidere mv.;;;;;
9510;Reklamedistributører mv.;951;Reklamedistributører mv.;95;Reklamedistributører mv.;9;Renholdere, hjelpearbeidere mv.;;;;;
9611;Renovasjonsarbeidere;961;Renovasjons- og gjenvinningsarbeidere;96;Renovasjons- og gjenvinningsarbeidere mv.;9;Renholdere, hjelpearbeidere mv.;;;;;
9612;Gjenvinningsarbeidere;961;Renovasjons- og gjenvinningsarbeidere;96;Renovasjons- og gjenvinningsarbeidere mv.;9;Renholdere, hjelpearbeidere mv.;;;;;
9613;Gatefeiere mv.;961;Renovasjons- og gjenvinningsarbeidere;96;Renovasjons- og gjenvinningsarbeidere mv.;9;Renholdere, hjelpearbeidere mv.;;;;;
9621;Bud mv.;962;Andre hjelpearbeidere;96;Renovasjons- og gjenvinningsarbeidere mv.;9;Renholdere, hjelpearbeidere mv.;;;;;
9622;Altmuligmann;962;Andre hjelpearbeidere;96;Renovasjons- og gjenvinningsarbeidere mv.;9;Renholdere, hjelpearbeidere mv.;;;;;
9623;Måleravlesere mv.;962;Andre hjelpearbeidere;96;Renovasjons- og gjenvinningsarbeidere mv.;9;Renholdere, hjelpearbeidere mv.;;;;;
9629;Andre hjelpearbeidere;962;Andre hjelpearbeidere;96;Renovasjons- og gjenvinningsarbeidere mv.;9;Renholdere, hjelpearbeidere mv.;;;;;
